[
{
    "name": "coffee bean",
    "foods": [
      {
        "image_url": "../../images/026.png",
        "rating": 4.5,
        "is_featured": 0,
        "virtual_food_id": 1242652283,
        "cold_box": null,
        "restaurant_id": 640443,
        "display_times": [
          {
            "begin": 1506096000,
            "end": 1506182340
          }
        ],
        "attrs": [
          {
            "values": [
              "常规糖",
              "多糖",
              "半糖",
              "微糖",
              "无糖"
            ],
            "name": "糖度"
          },
          {
            "values": [
              "热",
              "温",
              "常规冰",
              "多冰",
              "少冰",
              "去冰"
            ],
            "name": "温度"
          }
        ],
        "description": "精美的凉菜，搭配香浓的粥，回味无穷。",
        "month_sales": 9,
        "rating_count": 2,
        "tips": "2评价 月售9份",
        "image_path": "../../images/001.png",
        "specifications": [
          {
            "values": [
              "常规",
              "珍珠",
              "椰果",
              "布丁",
              "红豆",
              "西米露"
            ],
            "name": "规格"
          }
        ],
        "server_utc": 1506170074,
        "is_essential": false,
        "attributes": [],
        "item_id": "200000043675938625",
        "min_purchase": 1,
        "name": "巴西豆",
        "satisfy_count": 2,
        "activity": null,
        "satisfy_rate": 100,
        "specfoods": [
          {
            "original_price": null,
            "sku_id": "200000046290675521",
            "name": "brazilian santos",
            "weight": 1,
            "virtual_food_id": 1242652283,
            "restaurant_id": 640443,
            "food_id": 1245205737,
            "packing_fee": 0,
            "recent_rating": 5,
            "promotion_stock": -1,
            "price": 12,
            "sold_out": false,
            "recent_popularity": 5,
            "is_essential": false,
            "item_id": "200000043675938625",
            "checkout_mode": 1,
            "specs": [
              {
                "name": "规格",
                "value": "常规"
              }
            ],
            "partial_reduce_activity_id": null,
            "stock": 9990
          },
          {
            "original_price": null,
            "sku_id": "200000046290676545",
            "name": "brazilian santos",
            "weight": 1,
            "virtual_food_id": 1242652283,
            "restaurant_id": 640443,
            "food_id": 1245205738,
            "packing_fee": 0,
            "recent_rating": 0,
            "promotion_stock": -1,
            "price": 13,
            "sold_out": false,
            "recent_popularity": 1,
            "is_essential": false,
            "item_id": "200000043675938625",
            "checkout_mode": 1,
            "specs": [
              {
                "name": "规格",
                "value": "珍珠"
              }
            ],
            "partial_reduce_activity_id": null,
            "stock": 9998
          },
          {
            "original_price": null,
            "sku_id": "200000046290677569",
            "name": "brazilian santos",
            "weight": 0,
            "virtual_food_id": 1242652283,
            "restaurant_id": 640443,
            "food_id": 1245205739,
            "packing_fee": 0,
            "recent_rating": 0,
            "promotion_stock": -1,
            "price": 13,
            "sold_out": false,
            "recent_popularity": 0,
            "is_essential": false,
            "item_id": "200000043675938625",
            "checkout_mode": 1,
            "specs": [
              {
                "name": "规格",
                "value": "椰果"
              }
            ],
            "partial_reduce_activity_id": null,
            "stock": 9999
          },
          {
            "original_price": null,
            "sku_id": "200000046290678593",
            "name": "brazilian santos",
            "weight": 0,
            "virtual_food_id": 1242652283,
            "restaurant_id": 640443,
            "food_id": 1245205740,
            "packing_fee": 0,
            "recent_rating": 4,
            "promotion_stock": -1,
            "price": 14,
            "sold_out": false,
            "recent_popularity": 3,
            "is_essential": false,
            "item_id": "200000043675938625",
            "checkout_mode": 1,
            "specs": [
              {
                "name": "规格",
                "value": "布丁"
              }
            ],
            "partial_reduce_activity_id": null,
            "stock": 9996
          },
          {
            "original_price": null,
            "sku_id": "200000046290679617",
            "name": "brazilian santos",
            "weight": 0,
            "virtual_food_id": 1242652283,
            "restaurant_id": 640443,
            "food_id": 1245205741,
            "packing_fee": 0,
            "recent_rating": 0,
            "promotion_stock": -1,
            "price": 14,
            "sold_out": false,
            "recent_popularity": 0,
            "is_essential": false,
            "item_id": "200000043675938625",
            "checkout_mode": 1,
            "specs": [
              {
                "name": "规格",
                "value": "微辣"
              }
            ],
            "partial_reduce_activity_id": null,
            "stock": 9999
          },
          {
            "original_price": null,
            "sku_id": "200000046290680641",
            "name": "brazilian santos",
            "weight": 0,
            "virtual_food_id": 1242652283,
            "restaurant_id": 640443,
            "food_id": 1245205742,
            "packing_fee": 0,
            "recent_rating": 0,
            "promotion_stock": -1,
            "price": 14,
            "sold_out": false,
            "recent_popularity": 0,
            "is_essential": false,
            "item_id": "200000043675938625",
            "checkout_mode": 1,
            "specs": [
              {
                "name": "规格",
                "value": "蒜蓉"
              }
            ],
            "partial_reduce_activity_id": null,
            "stock": 0
          }
        ],
        "category_id": 1228449284
      },
   {
        "image_url": "../../images/026.png",
        "rating": 4.5,
        "is_featured": 0,
        "virtual_food_id": 1242652283,
        "cold_box": null,
        "restaurant_id": 640443,
        "display_times": [
          {
            "begin": 1506096000,
            "end": 1506182340
          }
        ],
        "attrs": [
          {
            "values": [
              "常规糖",
              "多糖",
              "半糖",
              "微糖",
              "无糖"
            ],
            "name": "糖度"
          },
          {
            "values": [
              "热",
              "温",
              "常规冰",
              "多冰",
              "少冰",
              "去冰"
            ],
            "name": "温度"
          }
        ],
        "description": "精美的凉菜，搭配香浓的粥，回味无穷。",
        "month_sales": 9,
        "rating_count": 2,
        "tips": "2评价 月售9份",
        "image_path": "../../images/001.png",
        "specifications": [
          {
            "values": [
              "常规",
              "珍珠",
              "椰果",
              "布丁",
              "红豆",
              "西米露"
            ],
            "name": "规格"
          }
        ],
        "server_utc": 1506170074,
        "is_essential": false,
        "attributes": [],
        "item_id": "200000043675938625",
        "min_purchase": 1,
        "name": "Arabica",
        "satisfy_count": 2,
        "activity": null,
        "satisfy_rate": 100,
        "specfoods": [
          {
            "original_price": null,
            "sku_id": "200000046290675521",
            "name": "Arabica",
            "weight": 1,
            "virtual_food_id": 1242652283,
            "restaurant_id": 640443,
            "food_id": 1245205737,
            "packing_fee": 0,
            "recent_rating": 5,
            "promotion_stock": -1,
            "price": 14,
            "sold_out": false,
            "recent_popularity": 5,
            "is_essential": false,
            "item_id": "200000043675938625",
            "checkout_mode": 1,
            "specs": [
              {
                "name": "规格",
                "value": "常规"
              }
            ],
            "partial_reduce_activity_id": null,
            "stock": 9990
          },
          {
            "original_price": null,
            "sku_id": "200000046290676545",
            "name": "Arabica",
            "weight": 1,
            "virtual_food_id": 1242652283,
            "restaurant_id": 640443,
            "food_id": 1245205738,
            "packing_fee": 0,
            "recent_rating": 0,
            "promotion_stock": -1,
            "price": 14,
            "sold_out": false,
            "recent_popularity": 1,
            "is_essential": false,
            "item_id": "200000043675938625",
            "checkout_mode": 1,
            "specs": [
              {
                "name": "规格",
                "value": "珍珠"
              }
            ],
            "partial_reduce_activity_id": null,
            "stock": 9998
          },
          {
            "original_price": null,
            "sku_id": "200000046290677569",
            "name": "Arabica",
            "weight": 0,
            "virtual_food_id": 1242652283,
            "restaurant_id": 640443,
            "food_id": 1245205739,
            "packing_fee": 0,
            "recent_rating": 0,
            "promotion_stock": -1,
            "price": 14,
            "sold_out": false,
            "recent_popularity": 0,
            "is_essential": false,
            "item_id": "200000043675938625",
            "checkout_mode": 1,
            "specs": [
              {
                "name": "规格",
                "value": "椰果"
              }
            ],
            "partial_reduce_activity_id": null,
            "stock": 9999
          },
          {
            "original_price": null,
            "sku_id": "200000046290678593",
            "name": "Arabica",
            "weight": 0,
            "virtual_food_id": 1242652283,
            "restaurant_id": 640443,
            "food_id": 1245205740,
            "packing_fee": 0,
            "recent_rating": 4,
            "promotion_stock": -1,
            "price": 14,
            "sold_out": false,
            "recent_popularity": 3,
            "is_essential": false,
            "item_id": "200000043675938625",
            "checkout_mode": 1,
            "specs": [
              {
                "name": "规格",
                "value": "布丁"
              }
            ],
            "partial_reduce_activity_id": null,
            "stock": 9996
          },
          {
            "original_price": null,
            "sku_id": "200000046290679617",
            "name": "Arabica",
            "weight": 0,
            "virtual_food_id": 1242652283,
            "restaurant_id": 640443,
            "food_id": 1245205741,
            "packing_fee": 0,
            "recent_rating": 0,
            "promotion_stock": -1,
            "price": 14,
            "sold_out": false,
            "recent_popularity": 0,
            "is_essential": false,
            "item_id": "200000043675938625",
            "checkout_mode": 1,
            "specs": [
              {
                "name": "规格",
                "value": "微辣"
              }
            ],
            "partial_reduce_activity_id": null,
            "stock": 9999
          },
          {
            "original_price": null,
            "sku_id": "200000046290680641",
            "name": "Arabica",
            "weight": 0,
            "virtual_food_id": 1242652283,
            "restaurant_id": 640443,
            "food_id": 1245205742,
            "packing_fee": 0,
            "recent_rating": 0,
            "promotion_stock": -1,
            "price": 14,
            "sold_out": false,
            "recent_popularity": 0,
            "is_essential": false,
            "item_id": "200000043675938625",
            "checkout_mode": 1,
            "specs": [
              {
                "name": "规格",
                "value": "蒜蓉"
              }
            ],
            "partial_reduce_activity_id": null,
            "stock": 0
          }
        ],
        "category_id": 1228449284
      },
   {
        "image_url": "../../images/026.png",
        "rating": 4.5,
        "is_featured": 0,
        "virtual_food_id": 1242652283,
        "cold_box": null,
        "restaurant_id": 640443,
        "display_times": [
          {
            "begin": 1506096000,
            "end": 1506182340
          }
        ],
        "attrs": [
          {
            "values": [
              "常规糖",
              "多糖",
              "半糖",
              "微糖",
              "无糖"
            ],
            "name": "糖度"
          },
          {
            "values": [
              "热",
              "温",
              "常规冰",
              "多冰",
              "少冰",
              "去冰"
            ],
            "name": "温度"
          }
        ],
        "description": "精美的凉菜，搭配香浓的粥，回味无穷。",
        "month_sales": 9,
        "rating_count": 2,
        "tips": "2评价 月售9份",
        "image_path": "../../images/001.png",
        "specifications": [
          {
            "values": [
              "常规",
              "珍珠",
              "椰果",
              "布丁",
              "红豆",
              "西米露"
            ],
            "name": "规格"
          }
        ],
        "server_utc": 1506170074,
        "is_essential": false,
        "attributes": [],
        "item_id": "200000043675938625",
        "min_purchase": 1,
        "name": "Robusta",
        "satisfy_count": 2,
        "activity": null,
        "satisfy_rate": 100,
        "specfoods": [
          {
            "original_price": null,
            "sku_id": "200000046290675521",
            "name": "Robusta",
            "weight": 1,
            "virtual_food_id": 1242652283,
            "restaurant_id": 640443,
            "food_id": 1245205737,
            "packing_fee": 0,
            "recent_rating": 5,
            "promotion_stock": -1,
            "price": 16,
            "sold_out": false,
            "recent_popularity": 5,
            "is_essential": false,
            "item_id": "200000043675938625",
            "checkout_mode": 1,
            "specs": [
              {
                "name": "规格",
                "value": "常规"
              }
            ],
            "partial_reduce_activity_id": null,
            "stock": 9990
          },
          {
            "original_price": null,
            "sku_id": "200000046290676545",
            "name": "Robusta",
            "weight": 1,
            "virtual_food_id": 1242652283,
            "restaurant_id": 640443,
            "food_id": 1245205738,
            "packing_fee": 0,
            "recent_rating": 0,
            "promotion_stock": -1,
            "price": 16,
            "sold_out": false,
            "recent_popularity": 1,
            "is_essential": false,
            "item_id": "200000043675938625",
            "checkout_mode": 1,
            "specs": [
              {
                "name": "规格",
                "value": "珍珠"
              }
            ],
            "partial_reduce_activity_id": null,
            "stock": 9998
          },
          {
            "original_price": null,
            "sku_id": "200000046290677569",
            "name": "Robusta",
            "weight": 0,
            "virtual_food_id": 1242652283,
            "restaurant_id": 640443,
            "food_id": 1245205739,
            "packing_fee": 0,
            "recent_rating": 0,
            "promotion_stock": -1,
            "price": 16,
            "sold_out": false,
            "recent_popularity": 0,
            "is_essential": false,
            "item_id": "200000043675938625",
            "checkout_mode": 1,
            "specs": [
              {
                "name": "规格",
                "value": "椰果"
              }
            ],
            "partial_reduce_activity_id": null,
            "stock": 9999
          },
          {
            "original_price": null,
            "sku_id": "200000046290678593",
            "name": "Robusta",
            "weight": 0,
            "virtual_food_id": 1242652283,
            "restaurant_id": 640443,
            "food_id": 1245205740,
            "packing_fee": 0,
            "recent_rating": 4,
            "promotion_stock": -1,
            "price": 16,
            "sold_out": false,
            "recent_popularity": 3,
            "is_essential": false,
            "item_id": "200000043675938625",
            "checkout_mode": 1,
            "specs": [
              {
                "name": "规格",
                "value": "布丁"
              }
            ],
            "partial_reduce_activity_id": null,
            "stock": 9996
          },
          {
            "original_price": null,
            "sku_id": "200000046290679617",
            "name": "Robusta",
            "weight": 0,
            "virtual_food_id": 1242652283,
            "restaurant_id": 640443,
            "food_id": 1245205741,
            "packing_fee": 0,
            "recent_rating": 0,
            "promotion_stock": -1,
            "price": 16,
            "sold_out": false,
            "recent_popularity": 0,
            "is_essential": false,
            "item_id": "200000043675938625",
            "checkout_mode": 1,
            "specs": [
              {
                "name": "规格",
                "value": "微辣"
              }
            ],
            "partial_reduce_activity_id": null,
            "stock": 9999
          },
          {
            "original_price": null,
            "sku_id": "200000046290680641",
            "name": "Robusta",
            "weight": 0,
            "virtual_food_id": 1242652283,
            "restaurant_id": 640443,
            "food_id": 1245205742,
            "packing_fee": 0,
            "recent_rating": 0,
            "promotion_stock": -1,
            "price": 16,
            "sold_out": false,
            "recent_popularity": 0,
            "is_essential": false,
            "item_id": "200000043675938625",
            "checkout_mode": 1,
            "specs": [
              {
                "name": "规格",
                "value": "蒜蓉"
              }
            ],
            "partial_reduce_activity_id": null,
            "stock": 0
          }
        ],
        "category_id": 1228449284
      }

    ]
  },

  {
    "name": "Freshly brewed coffee",
    "foods": [
      {
        "image_url": "../../images/001.png",
        "rating": 4,
        "is_featured": 0,
        "virtual_food_id": 1241776840,
        "cold_box": null,
        "restaurant_id": 640443,
        "display_times": [
          {
            "begin": 1506096000,
            "end": 1506182100
          }
        ],
        "attrs": [
          {
            "values": [
              "常规糖",
              "无糖",
              "微糖",
              "多糖",
              "半糖"
            ],
            "name": "糖度"
          },
          {
            "values": [
              "常规冰",
              "多冰",
              "少冰",
              "去冰",
              "温",
              "热"
            ],
            "name": "温度"
          }
        ],
        "description": "严选阿拉比卡咖啡豆，以瑞士进口咖啡机萃取，喝一杯原汁原味的黑咖啡，品尝咖啡纯粹的风味。",
        "month_sales": 14,
        "rating_count": 2,
        "tips": "2评价 月售14份",
        "image_path": "../../images/001.png",
        "specifications": [
          {
            "values": [
              "常规",
              "浓缩咖啡"
            ],
            "name": "规格"
          }
        ],
        "server_utc": 1506170074,
        "is_essential": false,
        "attributes": [],
        "item_id": "200000042779484993",
        "min_purchase": 1,
        "name": "Americano/medium",
        "satisfy_count": 2,
        "activity": null,
        "satisfy_rate": 100,
        "specfoods": [
          {
            "original_price": null,
            "sku_id": "200000045266680641",
            "name": "Americano/medium",
            "weight": 100,
            "virtual_food_id": 1241776840,
            "restaurant_id": 640443,
            "food_id": 1244205742,
            "packing_fee": 0,
            "recent_rating": 4,
            "promotion_stock": -1,
            "price": 8,
            "sold_out": false,
            "recent_popularity": 13,
            "is_essential": false,
            "item_id": "200000042779484993",
            "checkout_mode": 1,
            "specs": [
              {
                "name": "规格",
                "value": "常规"
              }
            ],
            "partial_reduce_activity_id": null,
            "stock": 9961
          },
          {
            "original_price": null,
            "sku_id": "200000045266681665",
            "name": "Americano/medium",
            "weight": 20,
            "virtual_food_id": 1241776840,
            "restaurant_id": 640443,
            "food_id": 1244205743,
            "packing_fee": 0,
            "recent_rating": 0,
            "promotion_stock": -1,
            "price": 11,
            "sold_out": false,
            "recent_popularity": 1,
            "is_essential": false,
            "item_id": "200000042779484993",
            "checkout_mode": 1,
            "specs": [
              {
                "name": "规格",
                "value": "浓缩咖啡"
              }
            ],
            "partial_reduce_activity_id": null,
            "stock": 9989
          }
        ],
        "category_id": 515946556
      },
      {
        "image_url": "../../images/001.png",
        "rating": 4.75,
        "is_featured": 0,
        "virtual_food_id": 1241773144,
        "cold_box": null,
        "restaurant_id": 640443,
        "display_times": [],
        "attrs": [
          {
            "values": [
              "常规糖",
              "无糖",
              "微糖",
              "多糖",
              "半糖"
            ],
            "name": "糖度"
          },
          {
            "values": [
              "常规冰",
              "多冰",
              "少冰",
              "去冰"
            ],
            "name": "温度"
          }
        ],
        "description": "当香浓醇厚的浓缩咖啡遇上清爽酸甜的柠檬滋味，给您带来与众不同夏日咖啡享受",
        "month_sales": 8,
        "rating_count": 3,
        "tips": "3评价 月售8份",
        "image_path": "../../images/001.png",
        "specifications": [
          {
            "values": [
              "常规",
              "浓缩咖啡"
            ],
            "name": "规格"
          }
        ],
        "server_utc": 1506170074,
        "is_essential": false,
        "attributes": [],
        "item_id": "200000042775700289",
        "min_purchase": 1,
        "name": "Lime coffee/Grande",
        "satisfy_count": 3,
        "activity": null,
        "satisfy_rate": 100,
        "specfoods": [
          {
            "original_price": null,
            "sku_id": "200000045271531329",
            "name": "Lime coffee/Grande",
            "weight": 1,
            "virtual_food_id": 1241773144,
            "restaurant_id": 640443,
            "food_id": 1244210479,
            "packing_fee": 0,
            "recent_rating": 4.5,
            "promotion_stock": -1,
            "price": 14,
            "sold_out": false,
            "recent_popularity": 6,
            "is_essential": false,
            "item_id": "200000042775700289",
            "checkout_mode": 1,
            "specs": [
              {
                "name": "规格",
                "value": "常规"
              }
            ],
            "partial_reduce_activity_id": null,
            "stock": 9989
          },
          {
            "original_price": null,
            "sku_id": "200000045271532353",
            "name": "Lime coffee/Grande",
            "weight": 1,
            "virtual_food_id": 1241773144,
            "restaurant_id": 640443,
            "food_id": 1244210480,
            "packing_fee": 0,
            "recent_rating": 5,
            "promotion_stock": -1,
            "price": 17,
            "sold_out": false,
            "recent_popularity": 2,
            "is_essential": false,
            "item_id": "200000042775700289",
            "checkout_mode": 1,
            "specs": [
              {
                "name": "规格",
                "value": "浓缩咖啡"
              }
            ],
            "partial_reduce_activity_id": null,
            "stock": 9996
          }
        ],
        "category_id": 515946556
      },
      {
        "image_url": "../../images/001.png",
        "rating": 4.36,
        "is_featured": 0,
        "virtual_food_id": 1241768883,
        "cold_box": null,
        "restaurant_id": 640443,
        "display_times": [
          {
            "begin": 1506096000,
            "end": 1506182340
          }
        ],
        "attrs": [
          {
            "values": [
              "常规糖",
              "无糖",
              "微糖",
              "多糖",
              "半糖"
            ],
            "name": "糖度"
          },
          {
            "values": [
              "常规冰",
              "多冰",
              "少冰",
              "去冰",
              "温",
              "热"
            ],
            "name": "温度"
          }
        ],
        "description": "严选阿拉比卡咖啡豆，以瑞士进口咖啡机萃取，香醇咖啡和和绵蜜的奶泡的人气组合，口感温顺醇厚，享受片刻的美好时光。",
        "month_sales": 24,
        "rating_count": 11,
        "tips": "11评价 月售24份",
        "image_path": "../../images/001.png",
        "specifications": [
          {
            "values": [
              "常规",
              "浓缩咖啡"
            ],
            "name": "规格"
          }
        ],
        "server_utc": 1506170074,
        "is_essential": false,
        "attributes": [],
        "item_id": "200000042771337025",
        "min_purchase": 1,
        "name": "Latte/grande",
        "satisfy_count": 11,
        "activity": null,
        "satisfy_rate": 100,
        "specfoods": [
          {
            "original_price": null,
            "sku_id": "200000045263970113",
            "name": "Latte/grande",
            "weight": 100,
            "virtual_food_id": 1241768883,
            "restaurant_id": 640443,
            "food_id": 1244203095,
            "packing_fee": 0,
            "recent_rating": 4.22,
            "promotion_stock": -1,
            "price": 16,
            "sold_out": false,
            "recent_popularity": 19,
            "is_essential": false,
            "item_id": "200000042771337025",
            "checkout_mode": 1,
            "specs": [
              {
                "name": "规格",
                "value": "常规"
              }
            ],
            "partial_reduce_activity_id": null,
            "stock": 9963
          },
          {
            "original_price": null,
            "sku_id": "200000045263971137",
            "name": "Latte/grande",
            "weight": 20,
            "virtual_food_id": 1241768883,
            "restaurant_id": 640443,
            "food_id": 1244203096,
            "packing_fee": 0,
            "recent_rating": 4.5,
            "promotion_stock": -1,
            "price": 19,
            "sold_out": false,
            "recent_popularity": 5,
            "is_essential": false,
            "item_id": "200000042771337025",
            "checkout_mode": 1,
            "specs": [
              {
                "name": "规格",
                "value": "浓缩咖啡"
              }
            ],
            "partial_reduce_activity_id": null,
            "stock": 9992
          }
        ],
        "category_id": 515946556
      },
      {
        "image_url": "../../images/001.png",
        "rating": 4.57,
        "is_featured": 0,
        "virtual_food_id": 1241776865,
        "cold_box": null,
        "restaurant_id": 640443,
        "display_times": [
          {
            "begin": 1506096000,
            "end": 1506182100
          }
        ],
        "attrs": [
          {
            "values": [
              "常规糖",
              "无糖",
              "微糖",
              "多糖",
              "半糖"
            ],
            "name": "糖度"
          },
          {
            "values": [
              "常规冰",
              "多冰",
              "少冰",
              "去冰",
              "温",
              "热"
            ],
            "name": "温度"
          }
        ],
        "description": "严选阿拉比卡咖啡豆，以瑞士进口咖啡机萃取，香醇咖啡和和绵蜜的奶泡的人气组合，口感温顺醇厚，享受片刻的美好时光。",
        "month_sales": 23,
        "rating_count": 7,
        "tips": "7评价 月售23份",
        "image_path": "../../images/001.png",
        "specifications": [
          {
            "values": [
              "常规",
              "浓缩咖啡"
            ],
            "name": "规格"
          }
        ],
        "server_utc": 1506170074,
        "is_essential": false,
        "attributes": [],
        "item_id": "200000042779510593",
        "min_purchase": 1,
        "name": "Latte/medium",
        "satisfy_count": 7,
        "activity": null,
        "satisfy_rate": 100,
        "specfoods": [
          {
            "original_price": null,
            "sku_id": "200000045266751297",
            "name": "Latte/medium",
            "weight": 100,
            "virtual_food_id": 1241776865,
            "restaurant_id": 640443,
            "food_id": 1244205811,
            "packing_fee": 0,
            "recent_rating": 4.57,
            "promotion_stock": -1,
            "price": 13,
            "sold_out": false,
            "recent_popularity": 22,
            "is_essential": false,
            "item_id": "200000042779510593",
            "checkout_mode": 1,
            "specs": [
              {
                "name": "规格",
                "value": "常规"
              }
            ],
            "partial_reduce_activity_id": null,
            "stock": 9961
          },
          {
            "original_price": null,
            "sku_id": "200000045266752321",
            "name": "Latte/medium",
            "weight": 20,
            "virtual_food_id": 1241776865,
            "restaurant_id": 640443,
            "food_id": 1244205812,
            "packing_fee": 0,
            "recent_rating": 0,
            "promotion_stock": -1,
            "price": 16,
            "sold_out": false,
            "recent_popularity": 1,
            "is_essential": false,
            "item_id": "200000042779510593",
            "checkout_mode": 1,
            "specs": [
              {
                "name": "规格",
                "value": "浓缩咖啡"
              }
            ],
            "partial_reduce_activity_id": null,
            "stock": 9998
          }
        ],
        "category_id": 515946556
      },
      {
        "image_url": "../../images/001.png",
        "rating": 5,
        "is_featured": 0,
        "virtual_food_id": 1241776838,
        "cold_box": null,
        "restaurant_id": 640443,
        "display_times": [
          {
            "begin": 1506096000,
            "end": 1506182340
          }
        ],
        "attrs": [
          {
            "values": [
              "常规糖",
              "无糖",
              "微糖",
              "多糖",
              "半糖"
            ],
            "name": "糖度"
          },
          {
            "values": [
              "温",
              "热"
            ],
            "name": "温度"
          }
        ],
        "description": "严选阿拉比卡咖啡豆，以瑞士进口咖啡机萃取，浓醇的咖啡佐以润滑蒸气奶泡，经典风味，绝对不能错过。",
        "month_sales": 7,
        "rating_count": 1,
        "tips": "1评价 月售7份",
        "image_path": "../../images/001.png",
        "specifications": [
          {
            "values": [
              "常规",
              "浓缩咖啡"
            ],
            "name": "规格"
          }
        ],
        "server_utc": 1506170074,
        "is_essential": false,
        "attributes": [],
        "item_id": "200000042779482945",
        "min_purchase": 1,
        "name": "Cappuccino/grande",
        "satisfy_count": 1,
        "activity": null,
        "satisfy_rate": 100,
        "specfoods": [
          {
            "original_price": null,
            "sku_id": "200000045266674497",
            "name": "Cappuccino/grande",
            "weight": 100,
            "virtual_food_id": 1241776838,
            "restaurant_id": 640443,
            "food_id": 1244205736,
            "packing_fee": 0,
            "recent_rating": 0,
            "promotion_stock": -1,
            "price": 16,
            "sold_out": false,
            "recent_popularity": 5,
            "is_essential": false,
            "item_id": "200000042779482945",
            "checkout_mode": 1,
            "specs": [
              {
                "name": "规格",
                "value": "常规"
              }
            ],
            "partial_reduce_activity_id": null,
            "stock": 9990
          },
          {
            "original_price": null,
            "sku_id": "200000045266675521",
            "name": "Cappuccino/grande",
            "weight": 20,
            "virtual_food_id": 1241776838,

            "restaurant_id": 640443,
            "food_id": 1244205737,
            "packing_fee": 0,
            "recent_rating": 5,
            "promotion_stock": -1,
            "price": 19,
            "sold_out": false,
            "recent_popularity": 2,
            "is_essential": false,
            "item_id": "200000042779482945",
            "checkout_mode": 1,
            "specs": [
              {
                "name": "规格",
                "value": "浓缩咖啡"
              }
            ],
            "partial_reduce_activity_id": null,
            "stock": 9997
          }
        ],
        "category_id": 515946556
      },
      {
        "image_url": "../../images/001.png",
        "rating": 4,
        "is_featured": 0,
        "virtual_food_id": 1241768857,
        "cold_box": null,
        "restaurant_id": 640443,
        "display_times": [
          {
            "begin": 1506096000,
            "end": 1506182100
          }
        ],
        "attrs": [
          {
            "values": [
              "常规糖",
              "无糖",
              "微糖",
              "多糖",
              "半糖"
            ],
            "name": "糖度"
          },
          {
            "values": [
              "温",
              "热"
            ],
            "name": "温度"
          }
        ],
        "description": "严选阿拉比卡咖啡豆，以瑞士进口咖啡机萃取，浓醇的咖啡佐以润滑蒸气奶泡，经典风味，绝对不能错过。",
        "month_sales": 5,
        "rating_count": 1,
        "tips": "1评价 月售5份",
        "image_path": "../../images/001.png",
        "specifications": [
          {
            "values": [
              "常规",
              "浓缩咖啡"
            ],
            "name": "规格"
          }
        ],
        "server_utc": 1506170074,
        "is_essential": false,
        "attributes": [],
        "item_id": "200000042771310401",
        "min_purchase": 1,
        "name": "卡布奇诺/中杯",
        "satisfy_count": 1,
        "activity": null,
        "satisfy_rate": 100,
        "specfoods": [
          {
            "original_price": null,
            "sku_id": "200000045263904577",
            "name": "Cappuccino/medium",
            "weight": 100,
            "virtual_food_id": 1241768857,
            "restaurant_id": 640443,
            "food_id": 1244203031,
            "packing_fee": 0,
            "recent_rating": 4,
            "promotion_stock": -1,
            "price": 13,
            "sold_out": false,
            "recent_popularity": 4,
            "is_essential": false,
            "item_id": "200000042771310401",
            "checkout_mode": 1,
            "specs": [
              {
                "name": "规格",
                "value": "常规"
              }
            ],
            "partial_reduce_activity_id": null,
            "stock": 9990
          },
          {
            "original_price": null,
            "sku_id": "200000045263905601",
            "name": "Cappuccino/medium",
            "weight": 20,
            "virtual_food_id": 1241768857,
            "restaurant_id": 640443,
            "food_id": 1244203032,
            "packing_fee": 0,
            "recent_rating": 0,
            "promotion_stock": -1,
            "price": 16,
            "sold_out": false,
            "recent_popularity": 1,
            "is_essential": false,
            "item_id": "200000042771310401",
            "checkout_mode": 1,
            "specs": [
              {
                "name": "规格",
                "value": "浓缩咖啡"
              }
            ],
            "partial_reduce_activity_id": null,
            "stock": 9997
          }
        ],
        "category_id": 515946556
      },
      {
        "image_url": "../../images/001.png",
        "rating": 4,
        "is_featured": 0,
        "virtual_food_id": 1241780177,
        "cold_box": null,
        "restaurant_id": 640443,
        "display_times": [
          {
            "begin": 1506096000,
            "end": 1506182340
          }
        ],
        "attrs": [
          {
            "values": [
              "常规糖",
              "无糖",
              "微糖",
              "多糖",
              "半糖"
            ],
            "name": "糖度"
          },
          {
            "values": [
              "常规冰",
              "多冰",
              "少冰",
              "去冰",
              "温",
              "热"
            ],
            "name": "温度"
          }
        ],
        "description": "醇厚咖啡中融入香甜巧克力，调和出浓郁柔顺的咖啡口感，特殊的咖啡香气融化在唇齿之间",
        "month_sales": 4,
        "rating_count": 2,
        "tips": "2评价 月售4份",
        "image_path": "../../images/001.png",
        "specifications": [
          {
            "values": [
              "常规",
              "浓缩咖啡"
            ],
            "name": "规格"
          }
        ],
        "server_utc": 1506170074,
        "is_essential": false,
        "attributes": [],
        "item_id": "200000042782902081",
        "min_purchase": 1,
        "name": "Mocha coffee/grande",
        "satisfy_count": 2,
        "activity": null,
        "satisfy_rate": 100,
        "specfoods": [
          {
            "original_price": null,
            "sku_id": "200000045259409217",
            "name": "Mocha coffee/grande",
            "weight": 100,
            "virtual_food_id": 1241780177,
            "restaurant_id": 640443,
            "food_id": 1244198641,
            "packing_fee": 0,
            "recent_rating": 0,
            "promotion_stock": -1,
            "price": 19,
            "sold_out": false,
            "recent_popularity": 1,
            "is_essential": false,
            "item_id": "200000042782902081",
            "checkout_mode": 1,
            "specs": [
              {
                "name": "规格",
                "value": "常规"
              }
            ],
            "partial_reduce_activity_id": null,
            "stock": 9995
          },
          {
            "original_price": null,
            "sku_id": "200000045259410241",
            "name": "Mocha coffee/grande",
            "weight": 20,
            "virtual_food_id": 1241780177,
            "restaurant_id": 640443,
            "food_id": 1244198642,
            "packing_fee": 0,
            "recent_rating": 4,
            "promotion_stock": -1,
            "price": 22,
            "sold_out": false,
            "recent_popularity": 3,
            "is_essential": false,
            "item_id": "200000042782902081",
            "checkout_mode": 1,
            "specs": [
              {
                "name": "规格",
                "value": "浓缩咖啡"
              }
            ],
            "partial_reduce_activity_id": null,
            "stock": 9996
          }
        ],
        "category_id": 515946556
      },
      {
        "image_url": "../../images/001.png",
        "rating": 0,
        "is_featured": 0,
        "virtual_food_id": 1241776833,
        "cold_box": null,
        "restaurant_id": 640443,
        "display_times": [
          {
            "begin": 1506096000,
            "end": 1506182100
          }
        ],
        "attrs": [
          {
            "values": [
              "常规糖",
              "无糖",
              "微糖",
              "多糖",
              "半糖"
            ],
            "name": "糖度"
          },
          {
            "values": [
              "常规冰",
              "多冰",
              "少冰",
              "去冰",
              "温",
              "热"
            ],
            "name": "温度"
          }
        ],
        "description": "醇厚咖啡中融入香甜巧克力，调和出浓郁柔顺的咖啡口感，特殊的咖啡香气融化在唇齿之间",
        "month_sales": 1,
        "rating_count": 0,
        "tips": "0评价 月售1份",
        "image_path": "../../images/001.png",
        "specifications": [
          {
            "values": [
              "常规",
              "浓缩咖啡"
            ],
            "name": "规格"
          }
        ],
        "server_utc": 1506170074,
        "is_essential": false,
        "attributes": [],
        "item_id": "200000042779477825",
        "min_purchase": 1,
        "name": "Mocha coffee/medium",
        "satisfy_count": 0,
        "activity": null,
        "satisfy_rate": 0,
        "specfoods": [
          {
            "original_price": null,
            "sku_id": "200000045266668353",
            "name": "Mocha coffee/medium",
            "weight": 100,
            "virtual_food_id": 1241776833,
            "restaurant_id": 640443,
            "food_id": 1244205730,
            "packing_fee": 0,
            "recent_rating": 0,
            "promotion_stock": -1,
            "price": 16,
            "sold_out": false,
            "recent_popularity": 1,
            "is_essential": false,
            "item_id": "200000042779477825",
            "checkout_mode": 1,
            "specs": [
              {
                "name": "规格",
                "value": "常规"
              }
            ],
            "partial_reduce_activity_id": null,
            "stock": 9996
          },
          {
            "original_price": null,
            "sku_id": "200000045266669377",
            "name": "Mocha coffee/medium",
            "weight": 20,
            "virtual_food_id": 1241776833,
            "restaurant_id": 640443,
            "food_id": 1244205731,
            "packing_fee": 0,
            "recent_rating": 0,
            "promotion_stock": -1,
            "price": 19,
            "sold_out": false,
            "recent_popularity": 0,
            "is_essential": false,
            "item_id": "200000042779477825",
            "checkout_mode": 1,
            "specs": [
              {
                "name": "规格",
                "value": "浓缩咖啡"
              }
            ],
            "partial_reduce_activity_id": null,
            "stock": 9999
          }
        ],
        "category_id": 515946556
      },
      {
        "image_url": "../../images/001.png",
        "rating": 4.5,
        "is_featured": 0,
        "virtual_food_id": 1241776832,
        "cold_box": null,
        "restaurant_id": 640443,
        "display_times": [
          {
            "begin": 1506096000,
            "end": 1506182340
          }
        ],
        "attrs": [
          {
            "values": [
              "常规糖",
              "无糖",
              "微糖",
              "多糖",
              "半糖"
            ],
            "name": "糖度"
          },
          {
            "values": [
              "常规冰",
              "多冰",
              "少冰",
              "去冰",
              "温",
              "热"
            ],
            "name": "温度"
          }
        ],
        "description": "CoCo独家创意饮品，将Q弹的珍珠加入甘醇香浓的拿铁里，奇妙的组合带来特殊的口感，品尝创意风味在CoCo。",
        "month_sales": 3,
        "rating_count": 2,
        "tips": "2评价 月售3份",
        "image_path": "../../images/001.png",
        "specifications": [
          {
            "values": [
              "常规",
              "浓缩咖啡"
            ],
            "name": "规格"
          }
        ],
        "server_utc": 1506170074,
        "is_essential": false,
        "attributes": [],
        "item_id": "200000042779476801",
        "min_purchase": 1,
        "name": "Pearl Latte/Grande",
        "satisfy_count": 2,
        "activity": null,
        "satisfy_rate": 100,
        "specfoods": [
          {
            "original_price": null,
            "sku_id": "200000045266666305",
            "name": "Pearl Latte/Grande",
            "weight": 100,
            "virtual_food_id": 1241776832,
            "restaurant_id": 640443,
            "food_id": 1244205728,
            "packing_fee": 0,
            "recent_rating": 5,
            "promotion_stock": -1,
            "price": 16,
            "sold_out": false,
            "recent_popularity": 2,
            "is_essential": false,
            "item_id": "200000042779476801",
            "checkout_mode": 1,
            "specs": [
              {
                "name": "规格",
                "value": "常规"
              }
            ],
            "partial_reduce_activity_id": null,
            "stock": 9991
          },
          {
            "original_price": null,
            "sku_id": "200000045266667329",
            "name": "Pearl Latte/Grande",
            "weight": 20,
            "virtual_food_id": 1241776832,
            "restaurant_id": 640443,
            "food_id": 1244205729,
            "packing_fee": 0,
            "recent_rating": 4,
            "promotion_stock": -1,
            "price": 19,
            "sold_out": false,
            "recent_popularity": 1,
            "is_essential": false,
            "item_id": "200000042779476801",
            "checkout_mode": 1,
            "specs": [
              {
                "name": "规格",
                "value": "浓缩咖啡"
              }
            ],
            "partial_reduce_activity_id": null,
            "stock": 9998
          }
        ],
        "category_id": 515946556
      },
      {
        "image_url": "../../images/001.png",
        "rating": 4,
        "is_featured": 0,
        "virtual_food_id": 1241780173,
        "cold_box": null,
        "restaurant_id": 640443,
        "display_times": [
          {
            "begin": 1506096000,
            "end": 1506182340
          }
        ],
        "attrs": [
          {
            "values": [
              "常规冰",
              "多冰",
              "少冰",
              "去冰",
              "温",
              "热"
            ],
            "name": "温度"
          }
        ],
        "description": "将清新香草糖浆融入浓醇拿铁咖啡里，淡雅香草风味从浓厚的咖啡里飘散出来，带来嗅觉及味觉享受。",
        "month_sales": 7,
        "rating_count": 2,
        "tips": "2评价 月售7份",
        "image_path": "../../images/001.png",
        "specifications": [
          {
            "values": [
              "常规",
              "浓缩咖啡"
            ],
            "name": "规格"
          }
        ],
        "server_utc": 1506170074,
        "is_essential": false,
        "attributes": [],
        "item_id": "200000042782897985",
        "min_purchase": 1,
        "name": "Vanilla latte/grande",
        "satisfy_count": 2,
        "activity": null,
        "satisfy_rate": 100,
        "specfoods": [
          {
            "original_price": null,
            "sku_id": "200000045259401025",
            "name": "Vanilla latte/grande",
            "weight": 100,
            "virtual_food_id": 1241780173,
            "restaurant_id": 640443,
            "food_id": 1244198633,
            "packing_fee": 0,
            "recent_rating": 4,
            "promotion_stock": -1,
            "price": 19,
            "sold_out": false,
            "recent_popularity": 5,
            "is_essential": false,
            "item_id": "200000042782897985",
            "checkout_mode": 1,
            "specs": [
              {
                "name": "规格",
                "value": "常规"
              }
            ],
            "partial_reduce_activity_id": null,
            "stock": 9992
          },
          {
            "original_price": null,
            "sku_id": "200000045259402049",
            "name": "Vanilla latte/grande",
            "weight": 20,
            "virtual_food_id": 1241780173,
            "restaurant_id": 640443,
            "food_id": 1244198634,
            "packing_fee": 0,
            "recent_rating": 0,
            "promotion_stock": -1,
            "price": 22,
            "sold_out": false,
            "recent_popularity": 2,
            "is_essential": false,
            "item_id": "200000042782897985",
            "checkout_mode": 1,
            "specs": [
              {
                "name": "规格",
                "value": "浓缩咖啡"
              }
            ],
            "partial_reduce_activity_id": null,
            "stock": 9997
          }
        ],
        "category_id": 515946556
      },
      {
        "image_url": "../../images/001.png",
        "rating": 0,
        "is_featured": 0,
        "virtual_food_id": 1241780178,
        "cold_box": null,
        "restaurant_id": 640443,
        "display_times": [
          {
            "begin": 1506096000,
            "end": 1506182100
          }
        ],
        "attrs": [
          {
            "values": [
              "常规冰",
              "多冰",
              "少冰",
              "去冰",
              "温",
              "热"
            ],
            "name": "温度"
          }
        ],
        "description": "将清新香草糖浆融入浓醇拿铁咖啡里，淡雅香草风味从浓厚的咖啡里飘散出来，带来嗅觉及味觉享受。",
        "month_sales": 3,
        "rating_count": 0,
        "tips": "0评价 月售3份",
        "image_path": "../../images/001.png",
        "specifications": [
          {
            "values": [
              "常规",
              "浓缩咖啡"
            ],
            "name": "规格"
          }
        ],
        "server_utc": 1506170074,
        "is_essential": false,
        "attributes": [],
        "item_id": "200000042782903105",
        "min_purchase": 1,
        "name": "Vanilla latte/medium",
        "satisfy_count": 0,
        "activity": null,
        "satisfy_rate": 0,
        "specfoods": [
          {
            "original_price": null,
            "sku_id": "200000045259411265",
            "name": "Vanilla latte/medium",
            "weight": 100,
            "virtual_food_id": 1241780178,
            "restaurant_id": 640443,
            "food_id": 1244198643,
            "packing_fee": 0,
            "recent_rating": 0,
            "promotion_stock": -1,
            "price": 16,
            "sold_out": false,
            "recent_popularity": 2,
            "is_essential": false,
            "item_id": "200000042782903105",
            "checkout_mode": 1,
            "specs": [
              {
                "name": "规格",
                "value": "常规"
              }
            ],
            "partial_reduce_activity_id": null,
            "stock": 9997
          },
          {
            "original_price": null,
            "sku_id": "200000045259412289",
            "name": "Vanilla latte/medium",
            "weight": 20,
            "virtual_food_id": 1241780178,
            "restaurant_id": 640443,
            "food_id": 1244198644,
            "packing_fee": 0,
            "recent_rating": 0,
            "promotion_stock": -1,
            "price": 19,
            "sold_out": false,
            "recent_popularity": 1,
            "is_essential": false,
            "item_id": "200000042782903105",
            "checkout_mode": 1,
            "specs": [
              {
                "name": "规格",
                "value": "浓缩咖啡"
              }
            ],
            "partial_reduce_activity_id": null,
            "stock": 9998
          }
        ],
        "category_id": 515946556
      },
      {
        "image_url": "../../images/001.png",
        "rating": 4,
        "is_featured": 0,
        "virtual_food_id": 1241776842,
        "cold_box": null,
        "restaurant_id": 640443,
        "display_times": [
          {
            "begin": 1506096000,
            "end": 1506182340
          }
        ],
        "attrs": [
          {
            "values": [
              "常规糖",
              "无糖",
              "微糖",
              "多糖",
              "半糖"
            ],
            "name": "糖度"
          },
          {
            "values": [
              "常规冰",
              "多冰",
              "少冰",
              "去冰"
            ],
            "name": "温度"
          }
        ],
        "description": "选用进口淡奶油制成绵密乳霜，醇厚奶香中什随微咸的芝士风味；覆上醇香的现磨咖啡，香浓绵滑多层次的口感，融合在味蕾中的幸福感受！",
        "month_sales": 6,
        "rating_count": 3,
        "tips": "3评价 月售6份",
        "image_path": "../../images/001.png",
        "specifications": [
          {
            "values": [
              "常规",
              "浓缩咖啡"
            ],
            "name": "规格"
          }
        ],
        "server_utc": 1506170074,
        "is_essential": false,
        "attributes": [],
        "item_id": "200000042779487041",
        "min_purchase": 1,
        "name": "French cream coffee/Grande",
        "satisfy_count": 3,
        "activity": null,
        "satisfy_rate": 100,
        "specfoods": [
          {
            "original_price": null,
            "sku_id": "200000045266685761",
            "name": "French cream coffee/Grande",
            "weight": 100,
            "virtual_food_id": 1241776842,
            "restaurant_id": 640443,
            "food_id": 1244205747,
            "packing_fee": 0,
            "recent_rating": 4,
            "promotion_stock": -1,
            "price": 15,
            "sold_out": false,
            "recent_popularity": 5,
            "is_essential": false,
            "item_id": "200000042779487041",
            "checkout_mode": 1,
            "specs": [
              {
                "name": "规格",
                "value": "常规"
              }
            ],
            "partial_reduce_activity_id": null,
            "stock": 9992
          },
          {
            "original_price": null,
            "sku_id": "200000045266686785",
            "name": "French cream coffee/Grande",
            "weight": 20,
            "virtual_food_id": 1241776842,
            "restaurant_id": 640443,
            "food_id": 1244205748,
            "packing_fee": 0,
            "recent_rating": 4,
            "promotion_stock": -1,
            "price": 18,
            "sold_out": false,
            "recent_popularity": 1,
            "is_essential": false,
            "item_id": "200000042779487041",
            "checkout_mode": 1,
            "specs": [
              {
                "name": "规格",
                "value": "浓缩咖啡"
              }
            ],
            "partial_reduce_activity_id": null,
            "stock": 9998
          }
        ],
        "category_id": 515946556
      },
      {
        "image_url": "../../images/001.png",
        "rating": 5,
        "is_featured": 0,
        "virtual_food_id": 1241773127,
        "cold_box": null,
        "restaurant_id": 640443,
        "display_times": [
          {
            "begin": 1506096000,
            "end": 1506182340
          }
        ],
        "attrs": [
          {
            "values": [
              "常规冰",
              "多冰",
              "少冰",
              "去冰",
              "温",
              "热"
            ],
            "name": "温度"
          }
        ],
        "description": "香浓醇厚的拿铁咖啡遇上法式海盐焦糖，给您带来甜而不腻的异国风味。",
        "month_sales": 6,
        "rating_count": 1,
        "tips": "1评价 月售6份",
        "image_path": "../../images/001.png",
        "specifications": [
          {
            "values": [
              "常规",
              "浓缩咖啡"
            ],
            "name": "规格"
          }
        ],
        "server_utc": 1506170074,
        "is_essential": false,
        "attributes": [],
        "item_id": "200000042775682881",
        "min_purchase": 1,
        "name": "Sea salt caramel Latte/Grande",
        "satisfy_count": 1,
        "activity": null,
        "satisfy_rate": 100,
        "specfoods": [
          {
            "original_price": null,
            "sku_id": "200000045271491393",
            "name": "Sea salt caramel Latte/Grande",
            "weight": 100,
            "virtual_food_id": 1241773127,
            "restaurant_id": 640443,
            "food_id": 1244210440,
            "packing_fee": 0,
            "recent_rating": 0,
            "promotion_stock": -1,
            "price": 18,
            "sold_out": false,
            "recent_popularity": 5,
            "is_essential": false,
            "item_id": "200000042775682881",
            "checkout_mode": 1,
            "specs": [
              {
                "name": "规格",
                "value": "常规"
              }
            ],
            "partial_reduce_activity_id": null,
            "stock": 9992
          },
          {
            "original_price": null,
            "sku_id": "200000045271492417",
            "name": "Sea salt caramel Latte/Grande",
            "weight": 20,
            "virtual_food_id": 1241773127,
            "restaurant_id": 640443,
            "food_id": 1244210441,
            "packing_fee": 0,
            "recent_rating": 5,
            "promotion_stock": -1,
            "price": 21,
            "sold_out": false,
            "recent_popularity": 1,
            "is_essential": false,
            "item_id": "200000042775682881",
            "checkout_mode": 1,
            "specs": [
              {
                "name": "规格",
                "value": "浓缩咖啡"
              }
            ],
            "partial_reduce_activity_id": null,
            "stock": 9997
          }
        ],
        "category_id": 515946556
      },
      {
        "image_url": "../../images/001.png",
        "rating": 4,
        "is_featured": 0,
        "virtual_food_id": 1241776854,
        "cold_box": null,
        "restaurant_id": 640443,
        "display_times": [
          {
            "begin": 1506096000,
            "end": 1506182100
          }
        ],
        "attrs": [
          {
            "values": [
              "常规冰",
              "多冰",
              "少冰",
              "去冰",
              "温",
              "热"
            ],
            "name": "温度"
          }
        ],
        "description": "香浓醇厚的拿铁咖啡遇上法式海盐焦糖，给您带来甜而不腻的异国风味。",
        "month_sales": 3,
        "rating_count": 1,
        "tips": "1评价 月售3份",
        "image_path": "../../images/001.png",
        "specifications": [
          {
            "values": [
              "常规",
              "浓缩咖啡"
            ],
            "name": "规格"
          }
        ],
        "server_utc": 1506170074,
        "is_essential": false,
        "attributes": [],
        "item_id": "200000042779499329",
        "min_purchase": 1,
        "name": "Sea salt caramel Latte/medium",
        "satisfy_count": 1,
        "activity": null,
        "satisfy_rate": 100,
        "specfoods": [
          {
            "original_price": null,
            "sku_id": "200000045266720577",
            "name": "Sea salt caramel Latte/medium",
            "weight": 100,
            "virtual_food_id": 1241776854,
            "restaurant_id": 640443,
            "food_id": 1244205781,
            "packing_fee": 0,
            "recent_rating": 4,
            "promotion_stock": -1,
            "price": 15,
            "sold_out": false,
            "recent_popularity": 3,
            "is_essential": false,
            "item_id": "200000042779499329",
            "checkout_mode": 1,
            "specs": [
              {
                "name": "规格",
                "value": "常规"
              }
            ],
            "partial_reduce_activity_id": null,
            "stock": 9993
          },
          {
            "original_price": null,
            "sku_id": "200000045266721601",
            "name": "Sea salt caramel Latte/medium",
            "weight": 20,
            "virtual_food_id": 1241776854,
            "restaurant_id": 640443,
            "food_id": 1244205782,
            "packing_fee": 0,
            "recent_rating": 0,
            "promotion_stock": -1,
            "price": 18,
            "sold_out": false,
            "recent_popularity": 0,
            "is_essential": false,
            "item_id": "200000042779499329",
            "checkout_mode": 1,
            "specs": [
              {
                "name": "规格",
                "value": "浓缩咖啡"
              }
            ],
            "partial_reduce_activity_id": null,
            "stock": 9999
          }
        ],
        "category_id": 515946556
      },
      {
        "image_url": "../../images/001.png",
        "rating": 0,
        "is_featured": 0,
        "virtual_food_id": 1240715795,
        "cold_box": null,
        "restaurant_id": 640443,
        "display_times": [],
        "attrs": [],
        "description": "大杯－咖啡的香浓配上青柠的酸爽",
        "month_sales": 0,
        "rating_count": 0,
        "tips": "0评价 月售0份",
        "image_path": "../../images/001.png",
        "specifications": [
          {
            "values": [
              "大杯"
            ],
            "name": "规格"
          }
        ],
        "server_utc": 1506170074,
        "is_essential": false,
        "attributes": [],
        "item_id": "200000041692974913",
        "min_purchase": 1,
        "name": "Lime coffee",
        "satisfy_count": 0,
        "activity": null,
        "satisfy_rate": 0,
        "specfoods": [
          {
            "original_price": null,
            "sku_id": "200000044074425153",
            "name": "Lime coffee",
            "weight": 0,
            "virtual_food_id": 1240715795,
            "restaurant_id": 640443,
            "food_id": 1243041430,
            "packing_fee": 0,
            "recent_rating": 0,
            "promotion_stock": -1,
            "price": 14,
            "sold_out": false,
            "recent_popularity": 0,
            "is_essential": false,
            "item_id": "200000041692974913",
            "checkout_mode": 1,
            "specs": [
              {
                "name": "规格",
                "value": "大杯"
              }
            ],
            "partial_reduce_activity_id": null,
            "stock": 10000
          }
        ],
        "category_id": 515946556
      }
    ]
  }
]