[
	{
		"order_id":"1",
		"foods":[{
			"name": "鲜枣馍",
			"price": 12.00,
			"num": 2
		},{
			"name": "小炒菜",
			"price": 16.00,
			"num": 3
		}],
		"promotion": {"name": "满50减10元", "discount": "10"},
		"taken": false,
		"orderinfo":"WD100321342354351356",
		"ordertime":"2017-10-10 14:51:25",
		"ordernum":"WD100321342354351356",
		"meunnumber":"A66"
	},
	{
		"order_id":"2",
		"foods":[{
			"name": "鲜枣馍",
			"price": 12.00,
			"num": 2
		},{
			"name": "小炒菜",
			"price": 16.00,
			"num": 3
		}],
		"promotion": {"name": "满50减10元", "discount": "10"},
		"taken": false,
		"orderinfo":"WD100321342354351356",
		"ordertime":"2017-10-10 14:51:25",
		"ordernum":"WD100321342354351356",
		"meunnumber":"A63"
	},
	{
		"order_id":"3",
		"foods":[{
			"name": "鲜枣馍",
			"price": 12.00,
			"num": 2
		},{
			"name": "小炒菜",
			"price": 16.00,
			"num": 3
		}],
		"promotion": {"name": "满50减10元", "discount": "10"},
		"taken": true,
		"orderinfo":"WD100321342354351356",
		"ordertime":"2017-10-10 14:51:25",
		"ordernum":"WD100321342354351356",
		"meunnumber":"A65"
	}
]