{
	"last_id" : 10,
	"is_last": false,
	"list": [{
		"order_id":"1",
		"foods":[{
			"name": "鲜枣馍-0",
			"describe":"等4件商品",
			"price": "12.00",
			"date": "2017-07-14",
			"time": "11:30",
			"money":48
		}],
		"taken": false
	},
	{
		"order_id":"2",
		"foods":[{
			"name": "发糕",
			"describe":"等 1 件商品",
			"price": "13.00",
			"date": "2017-07-15",
			"time": "12:00",
			"money":13
		}],
		"taken": false
	},
	{
		"order_id":"3",
		"foods":[{
			"name": "芝士火腿包",
			"describe":"等2件商品",
			"price": "14.00",
			"date": "2017-07-16",
			"time": "12:30",
			"money":28
		}],
		"taken": true
	},
	{
		"order_id":"4",
		"foods":[{
			"name": "鲜枣馍",
			"describe":"等4件商品",
			"price": "12.00",
			"date": "2017-07-14",
			"time": "11:30",
			"money":48
		}],
		"taken": false
	},
	{
		"order_id":"5",
		"foods":[{
			"name": "发糕",
			"describe":"等 1 件商品",
			"price": "13.00",
			"date": "2017-07-15",
			"time": "12:00",
			"money":13
		}],
		"taken": false
	},
	{
		"order_id":"6",
		"foods":[{
			"name": "芝士火腿包",
			"describe":"等2件商品",
			"price": "14.00",
			"date": "2017-07-16",
			"time": "12:30",
			"money":28
		}],
		"taken": true
	},
	{
		"order_id":"7",
		"foods":[{
			"name": "鲜枣馍",
			"describe":"等4件商品",
			"price": "12.00",
			"date": "2017-07-14",
			"time": "11:30",
			"money":48
		}],
		"taken": false
	},
	{
		"order_id":"8",
		"foods":[{
			"name": "发糕",
			"describe":"等 1 件商品",
			"price": "13.00",
			"date": "2017-07-15",
			"time": "12:00",
			"money":13
		}],
		"taken": false
	},
	{
		"order_id":"9",
		"foods":[{
			"name": "芝士火腿包",
			"describe":"等2件商品",
			"price": "14.00",
			"date": "2017-07-16",
			"time": "12:30",
			"money":28
		}],
		"taken": true
	},
	{
		"order_id":"10",
		"foods":[{
			"name": "鲜枣馍",
			"describe":"等4件商品",
			"price": "12.00",
			"date": "2017-07-14",
			"time": "11:30",
			"money":48
		}],
		"taken": false
	}]
}